{
  "options": [
    {
      "title": "Ofertas",
      "href": "./index.html",
      "refs": ["Laptops", "Audio", "Auticulares"]
    },
    {
      "title": "Cómo comprar",
      "href": "./index.html",
      "refs": ["Formas de pago", "Envios", "Devoluciones"]
    },
    {
      "title": "Costos y tarifas",
      "href": "./index.html",
      "refs": ["Impuestos", "Facturación"]
    },
    {
      "title": "Mis pedidos",
      "href": "./index.html",
      "refs": ["Pedir nuevamente", "Lista de deseos"]
    },
    {
      "title": "Garantía",
      "href": "./index.html",
      "refs": []
    }
  ]
}
